Date,Sales
2024-01-01,1049.67
2024-01-02,990.71
2024-01-03,1073.84
2024-01-04,1165.91
2024-01-05,994.73
2024-01-06,999.26
2024-01-07,1185.12
2024-01-08,1108.46
2024-01-09,989.28
2024-01-10,1094.98
2024-01-11,998.88
2024-01-12,1003.13
2024-01-13,1078.37
2024-01-14,867.3
2024-01-15,890.59
2024-01-16,1011.28
2024-01-17,970.64
2024-01-18,1107.75
2024-01-19,989.91
2024-01-20,943.85
2024-01-21,1235.99
2024-01-22,1071.17
2024-01-23,1104.81
2024-01-24,959.86
2024-01-25,1052.16
2024-01-26,1121.93
2024-01-27,999.95
2024-01-28,1156.8
2024-01-29,1063.33
2024-01-30,1098.36
2024-01-31,1071.46
2024-02-01,1320.93
2024-02-02,1138.4
2024-02-03,1037.99
2024-02-04,1230.0
2024-02-05,1029.61
2024-02-06,1176.5
2024-02-07,963.53
2024-02-08,1030.52
2024-02-09,1186.84
2024-02-10,1244.77
2024-02-11,1191.79
2024-02-12,1166.79
2024-02-13,1151.9
2024-02-14,1037.78
2024-02-15,1117.22
2024-02-16,1146.68
2024-02-17,1301.95
2024-02-18,1234.05
2024-02-19,1026.79
2024-02-20,
2024-02-21,1171.27
2024-02-22,1145.35
2024-02-23,1277.44
2024-02-24,1322.55
2024-02-25,1315.71
2024-02-26,1141.74
2024-02-27,1197.78
2024-02-28,1264.81
2024-02-29,1332.18
2024-03-01,1189.59
2024-03-02,1221.77
2024-03-03,1132.49
2024-03-04,1126.23
2024-03-05,1329.79
2024-03-06,1386.78
2024-03-07,1246.53
2024-03-08,1356.6
2024-03-09,1294.88
2024-03-10,1196.61
2024-03-11,1299.62
2024-03-12,1419.58
2024-03-13,1264.44
2024-03-14,1426.68
2024-03-15,1010.37
2024-03-16,1356.61
2024-03-17,1285.14
2024-03-18,1248.5
2024-03-19,1289.48
2024-03-20,1083.39
2024-03-21,1261.97
2024-03-22,1321.37
2024-03-23,1435.12
2024-03-24,1237.12
2024-03-25,1209.65
2024-03-26,1241.82
2024-03-27,1384.97
2024-03-28,1327.68
2024-03-29,1243.15
2024-03-30,1348.71
2024-03-31,1308.29
2024-04-01,1396.59
2024-04-02,1230.6
2024-04-03,1269.06
2024-04-04,1263.58
2024-04-05,1157.34
2024-04-06,1334.15
2024-04-07,1331.43
2024-04-08,1306.56
2024-04-09,1283.26
2024-04-10,1165.79
2024-04-11,1265.81
2024-04-12,1274.09
2024-04-13,1228.57
2024-04-14,1293.05
2024-04-15,1349.9
2024-04-16,1498.37
2024-04-17,1327.41
2024-04-18,1335.85
2024-04-19,1302.74
2024-04-20,1118.34
2024-04-21,1307.54
2024-04-22,1316.14
2024-04-23,1556.3
2024-04-24,1290.55
2024-04-25,1339.7
2024-04-26,1305.77
2024-04-27,1192.02
2024-04-28,1422.77
2024-04-29,1383.22
2024-04-30,1386.61
2024-05-01,1216.01
2024-05-02,1446.61
2024-05-03,1165.47
2024-05-04,1363.63
2024-05-05,1523.22
2024-05-06,1204.3
2024-05-07,1245.86
2024-05-08,1311.54
2024-05-09,1250.26
2024-05-10,1144.53
2024-05-11,1305.39
2024-05-12,1191.2
2024-05-13,1343.65
2024-05-14,1203.15
2024-05-15,1448.85
2024-05-16,1214.25
2024-05-17,1259.05
2024-05-18,1371.24
2024-05-19,1165.4
2024-05-20,1309.78
2024-05-21,1416.27
2024-05-22,1123.28
2024-05-23,1300.93
2024-05-24,1306.85
2024-05-25,1357.41
2024-05-26,1153.86
2024-05-27,1143.8
2024-05-28,1326.3
2024-05-29,1302.03
2024-05-30,
2024-05-31,1303.34
2024-06-01,1198.82
2024-06-02,1288.15
2024-06-03,1292.31
2024-06-04,1189.61
2024-06-05,1445.64
2024-06-06,1304.44
2024-06-07,1135.89
2024-06-08,1318.62
2024-06-09,1153.42
2024-06-10,1327.49
2024-06-11,1362.52
2024-06-12,1162.44
2024-06-13,1338.69
2024-06-14,1281.44
2024-06-15,1320.17
2024-06-16,1425.43
2024-06-17,1208.98
2024-06-18,1155.89
2024-06-19,1140.05
2024-06-20,1145.15
2024-06-21,1216.74
2024-06-22,1256.27
2024-06-23,1247.51
2024-06-24,1300.25
2024-06-25,1216.51
2024-06-26,1358.23
2024-06-27,1184.08
2024-06-28,1480.22
2024-06-29,1268.43
2024-06-30,1117.8
2024-07-01,1094.08
2024-07-02,1247.07
2024-07-03,1174.13
2024-07-04,1265.54
2024-07-05,1239.12
2024-07-06,1182.17
2024-07-07,1102.44
2024-07-08,1033.31
2024-07-09,1137.82
2024-07-10,1265.8
2024-07-11,1199.26
2024-07-12,1050.98
2024-07-13,1190.59
2024-07-14,1209.53
2024-07-15,1080.35
2024-07-16,1181.86
2024-07-17,1170.07
2024-07-18,1047.74
2024-07-19,1195.61
2024-07-20,1213.73
2024-07-21,1263.79
2024-07-22,1258.72
2024-07-23,1013.45
2024-07-24,1055.33
2024-07-25,1198.54
2024-07-26,1196.36
2024-07-27,1194.45
2024-07-28,1526.21
2024-07-29,1196.04
2024-07-30,1250.56
2024-07-31,1230.47
2024-08-01,1198.32
2024-08-02,1099.78
2024-08-03,1205.37
2024-08-04,1050.38
2024-08-05,1102.21
2024-08-06,1075.61
2024-08-07,1130.63
2024-08-08,1352.24
2024-08-09,932.41
2024-08-10,1186.16
2024-08-11,954.7
2024-08-12,1067.25
2024-08-13,1221.86
2024-08-14,1117.94
2024-08-15,1002.34
2024-08-16,1037.22
2024-08-17,1175.38
2024-08-18,1033.11
2024-08-19,1126.55
2024-08-20,1108.27
2024-08-21,1037.4
2024-08-22,1315.86
2024-08-23,1163.8
2024-08-24,896.88
2024-08-25,1117.08
2024-08-26,1031.34
2024-08-27,1181.89
2024-08-28,1016.58
2024-08-29,1083.59
2024-08-30,1144.84
2024-08-31,1180.25
2024-09-01,973.03
2024-09-02,1059.04
2024-09-03,1044.48
2024-09-04,1026.18
2024-09-05,1267.66
2024-09-06,1131.25
2024-09-07,964.37
2024-09-08,1182.0
2024-09-09,1302.24
2024-09-10,1193.13
2024-09-11,937.87
2024-09-12,1041.36
2024-09-13,1216.5
2024-09-14,1019.13
2024-09-15,1134.43
2024-09-16,1167.71
2024-09-17,997.81
2024-09-18,1084.87
2024-09-19,767.07
2024-09-20,989.2
2024-09-21,1066.87
2024-09-22,967.9
2024-09-23,1256.53
2024-09-24,950.94
2024-09-25,1050.67
2024-09-26,1108.54
2024-09-27,1240.43
2024-09-28,953.62
2024-09-29,1214.49
2024-09-30,1100.22
2024-10-01,1002.12
2024-10-02,1147.63
2024-10-03,1122.52
2024-10-04,1043.85
2024-10-05,1112.17
2024-10-06,1068.04
2024-10-07,1119.36
2024-10-08,1175.71
2024-10-09,1269.66
2024-10-10,988.89
2024-10-11,1327.64
2024-10-12,920.86
2024-10-13,1102.68
2024-10-14,1178.53
2024-10-15,1149.7
2024-10-16,1061.29
2024-10-17,1104.77
2024-10-18,1078.36
2024-10-19,1070.85
2024-10-20,1216.94
2024-10-21,1169.92
2024-10-22,1067.23
2024-10-23,1228.84
2024-10-24,1172.02
2024-10-25,1225.04
2024-10-26,1209.23
2024-10-27,
2024-10-28,1095.45
2024-10-29,1228.87
2024-10-30,1217.91
2024-10-31,1157.57
2024-11-01,1174.23
2024-11-02,1293.15
2024-11-03,1109.16
2024-11-04,1226.01
2024-11-05,1154.12
2024-11-06,1155.65
2024-11-07,1290.43
2024-11-08,1266.27
2024-11-09,1268.31
2024-11-10,1320.77
2024-11-11,1195.64
2024-11-12,1265.1
2024-11-13,1169.29
2024-11-14,1236.18
2024-11-15,1194.24
2024-11-16,1220.49
2024-11-17,1273.89
2024-11-18,1136.17
2024-11-19,1430.88
2024-11-20,1124.74
2024-11-21,1107.66
2024-11-22,1348.66
2024-11-23,1315.83
2024-11-24,1302.92
2024-11-25,1307.22
2024-11-26,1247.08
2024-11-27,1162.53
2024-11-28,1263.82
2024-11-29,1192.53
2024-11-30,1361.81
2024-12-01,1253.66
2024-12-02,1189.92
2024-12-03,1244.47
2024-12-04,1322.06
2024-12-05,1228.58
2024-12-06,1206.94
2024-12-07,1317.77
2024-12-08,1322.16
2024-12-09,1251.25
2024-12-10,1259.15
2024-12-11,1333.78
2024-12-12,1170.12
2024-12-13,1178.54
2024-12-14,1251.83
2024-12-15,1306.73
2024-12-16,1363.58
2024-12-17,1484.46
2024-12-18,1427.14
2024-12-19,1329.83
2024-12-20,1348.4
2024-12-21,1254.53
2024-12-22,1357.42
2024-12-23,1334.91
2024-12-24,1400.56
2024-12-25,1290.08
2024-12-26,1429.26
2024-12-27,1535.13
2024-12-28,1375.51
2024-12-29,1431.1
2024-12-30,1464.48
2024-12-31,1359.88
2025-01-01,1426.95
2025-01-02,1410.34
2025-01-03,1423.38
2025-01-04,1340.84
2025-01-05,1425.12
2025-01-06,1477.0
2025-01-07,1576.83
2025-01-08,1532.15
2025-01-09,1656.04
2025-01-10,1368.48
2025-01-11,1536.93
2025-01-12,1472.51
2025-01-13,1677.61
2025-01-14,1382.25
2025-01-15,1383.54
2025-01-16,1411.99
2025-01-17,1263.94
2025-01-18,1428.13
2025-01-19,1409.16
2025-01-20,1504.46
2025-01-21,1527.92
2025-01-22,1685.67
2025-01-23,1597.38
2025-01-24,1448.91
2025-01-25,1420.99
2025-01-26,1564.24
2025-01-27,1387.21
2025-01-28,1706.54
2025-01-29,1645.47
2025-01-30,1484.71
2025-01-31,1364.39
2025-02-01,1675.14
2025-02-02,1532.31
2025-02-03,1671.53
2025-02-04,1392.25
2025-02-05,1495.67
2025-02-06,1560.02
2025-02-07,1568.04
2025-02-08,1522.14
2025-02-09,1633.21
2025-02-10,1467.9
2025-02-11,1564.12
2025-02-12,1594.04
2025-02-13,1637.07
2025-02-14,1660.37
2025-02-15,1480.28
2025-02-16,1442.82
2025-02-17,1727.45
2025-02-18,1636.32
2025-02-19,1531.61
2025-02-20,1764.89
2025-02-21,1624.61
2025-02-22,1734.2
2025-02-23,1626.2
2025-02-24,1828.66
2025-02-25,1801.2
2025-02-26,1603.8
2025-02-27,1728.84
2025-02-28,1699.16
2025-03-01,1774.37
2025-03-02,1543.85
2025-03-03,1711.73
2025-03-04,1751.7
2025-03-05,1472.66
2025-03-06,1532.83
2025-03-07,1449.81
2025-03-08,1629.31
2025-03-09,1730.47
2025-03-10,1811.36
2025-03-11,1670.89
2025-03-12,1828.64
2025-03-13,1530.01
2025-03-14,1499.87
2025-03-15,1666.79
2025-03-16,1712.82
2025-03-17,1673.17
2025-03-18,1471.65
2025-03-19,1671.39
2025-03-20,1551.7
2025-03-21,1750.9
2025-03-22,1722.32
2025-03-23,1593.34
2025-03-24,1637.56
2025-03-25,1584.58
2025-03-26,1685.73
2025-03-27,1788.94
2025-03-28,1596.23
2025-03-29,1746.53
2025-03-30,1644.36
2025-03-31,1619.3
2025-04-01,1689.02
2025-04-02,1597.28
2025-04-03,1646.46
2025-04-04,1583.0
2025-04-05,1900.17
2025-04-06,1708.06
2025-04-07,1635.35
2025-04-08,1727.45
2025-04-09,1695.48
2025-04-10,1685.23
2025-04-11,1769.29
2025-04-12,1784.12
2025-04-13,1655.75
2025-04-14,1651.59
2025-04-15,1681.99
2025-04-16,1479.56
2025-04-17,1558.44
2025-04-18,1846.79
2025-04-19,1874.69
2025-04-20,1685.32
2025-04-21,1767.85
2025-04-22,1741.24
2025-04-23,2017.87
2025-04-24,1821.75
2025-04-25,1696.75
2025-04-26,1613.69
2025-04-27,1548.25
2025-04-28,1728.83
2025-04-29,1632.39
2025-04-30,1565.28
2025-05-01,1642.29
2025-05-02,1598.17
2025-05-03,1874.37
2025-05-04,1793.1
2025-05-05,1703.37
2025-05-06,1851.35
2025-05-07,1710.22
2025-05-08,1615.44
2025-05-09,1852.92
2025-05-10,1753.49
2025-05-11,1594.81
2025-05-12,1678.4
2025-05-13,1608.72
2025-05-14,1556.81
2025-05-15,1786.47
2025-05-16,1883.52
2025-05-17,1551.4
2025-05-18,1746.19
2025-05-19,1623.42
2025-05-20,1638.32
2025-05-21,1626.31
2025-05-22,1597.63
2025-05-23,1687.32
2025-05-24,1597.77
2025-05-25,1706.27
2025-05-26,1672.53
2025-05-27,1651.96
2025-05-28,1583.35
2025-05-29,1614.66
2025-05-30,1746.07
2025-05-31,1718.78
2025-06-01,1569.07
2025-06-02,1674.86
2025-06-03,1738.14
2025-06-04,1494.1
2025-06-05,1713.4
2025-06-06,1590.79
2025-06-07,1712.08
2025-06-08,1576.64
2025-06-09,1470.4
2025-06-10,1486.03
2025-06-11,1651.47
2025-06-12,1670.48
2025-06-13,1551.92
2025-06-14,1704.02
2025-06-15,1471.81
2025-06-16,1629.14
2025-06-17,1512.41
2025-06-18,1566.08
2025-06-19,1633.75
2025-06-20,1540.69
2025-06-21,1585.99
2025-06-22,1722.78
2025-06-23,1562.16
2025-06-24,1701.1
2025-06-25,1502.24
2025-06-26,1665.86
2025-06-27,1754.7
2025-06-28,1361.04
2025-06-29,1526.18
2025-06-30,1661.23
2025-07-01,1580.87
2025-07-02,1635.94
2025-07-03,1536.08
2025-07-04,1602.79
2025-07-05,1576.23
2025-07-06,1706.23
2025-07-07,1612.56
2025-07-08,1618.55
2025-07-09,1541.28
2025-07-10,1531.39
2025-07-11,1534.59
2025-07-12,1615.0
2025-07-13,1531.17
2025-07-14,1599.97
2025-07-15,1776.27
2025-07-16,1653.6
2025-07-17,1531.65
2025-07-18,1682.16
2025-07-19,1519.03
2025-07-20,1353.84
2025-07-21,1454.68
2025-07-22,1366.26
2025-07-23,1516.07
2025-07-24,1550.96
2025-07-25,1714.68
2025-07-26,1577.67
2025-07-27,1521.04
2025-07-28,1623.88
2025-07-29,1317.84
2025-07-30,1560.56
2025-07-31,1612.16
2025-08-01,1385.32
2025-08-02,1645.68
2025-08-03,1563.32
2025-08-04,1486.14
2025-08-05,1589.17
2025-08-06,1751.22
2025-08-07,1540.63
2025-08-08,1545.59
2025-08-09,1473.2
2025-08-10,1432.55
2025-08-11,1599.01
2025-08-12,1428.84
2025-08-13,1520.12
2025-08-14,1463.75
2025-08-15,1558.01
2025-08-16,1542.11
2025-08-17,1611.18
2025-08-18,1455.14
2025-08-19,1477.92
2025-08-20,1405.84
2025-08-21,1458.14
2025-08-22,1539.19
2025-08-23,1576.1
2025-08-24,1407.18
2025-08-25,1585.39
2025-08-26,1633.08
2025-08-27,1537.99
2025-08-28,1683.51
2025-08-29,1417.68
2025-08-30,1369.88
2025-08-31,1315.8
2025-09-01,1642.66
2025-09-02,1557.93
2025-09-03,1486.42
2025-09-04,1519.51
2025-09-05,1378.56
2025-09-06,1735.33
2025-09-07,1503.38
2025-09-08,1501.15
2025-09-09,1562.6
2025-09-10,1537.98
2025-09-11,1512.19
2025-09-12,1410.73
2025-09-13,1536.96
2025-09-14,1678.1
2025-09-15,1624.59
2025-09-16,1649.57
2025-09-17,1439.39
2025-09-18,1391.86
2025-09-19,1478.62
2025-09-20,1497.21
2025-09-21,1601.54
2025-09-22,1323.43
2025-09-23,1646.24
2025-09-24,1478.15
2025-09-25,1451.99
2025-09-26,1394.25
2025-09-27,1330.82
2025-09-28,1579.53
2025-09-29,1505.5
2025-09-30,1370.2
2025-10-01,1370.77
2025-10-02,1467.84
2025-10-03,1669.52
2025-10-04,1477.92
2025-10-05,1354.88
2025-10-06,1482.0
2025-10-07,1480.73
2025-10-08,1239.81
2025-10-09,1505.63
2025-10-10,1489.57
2025-10-11,1583.96
2025-10-12,1700.96
2025-10-13,1630.51
2025-10-14,1492.81
2025-10-15,1410.95
2025-10-16,1780.9
2025-10-17,1531.5
2025-10-18,1529.05
2025-10-19,1527.38
2025-10-20,1551.79
2025-10-21,1519.78
2025-10-22,1479.15
2025-10-23,1484.19
2025-10-24,1538.01
2025-10-25,1489.41
2025-10-26,1474.98
2025-10-27,1559.48
2025-10-28,1525.97
2025-10-29,1704.54
2025-10-30,1291.78
2025-10-31,1668.81
2025-11-01,1687.1
2025-11-02,1358.04
2025-11-03,1534.05
2025-11-04,1534.16
2025-11-05,1433.58
2025-11-06,1499.64
2025-11-07,1469.49
2025-11-08,1758.96
2025-11-09,1680.52
2025-11-10,1717.38
2025-11-11,1665.71
2025-11-12,1484.0
2025-11-13,1547.86
2025-11-14,1652.7
2025-11-15,1485.04
2025-11-16,1682.09
2025-11-17,1590.34
2025-11-18,1580.51
2025-11-19,1692.74
2025-11-20,1669.77
2025-11-21,1592.98
2025-11-22,1748.78
2025-11-23,1528.55
2025-11-24,1702.1
2025-11-25,1703.7
2025-11-26,1617.35
2025-11-27,1684.87
2025-11-28,1531.12
2025-11-29,1752.65
2025-11-30,1645.8
2025-12-01,1616.1
2025-12-02,1777.37
2025-12-03,1606.17
2025-12-04,1539.92
2025-12-05,1529.29
2025-12-06,1749.77
2025-12-07,1565.36
2025-12-08,1873.14
2025-12-09,1493.75
2025-12-10,1875.9
2025-12-11,1731.68
2025-12-12,1705.25
2025-12-13,1664.8
2025-12-14,1763.59
2025-12-15,1724.31
2025-12-16,1842.82
2025-12-17,1748.35
2025-12-18,1756.4
2025-12-19,1709.47
2025-12-20,1744.61
2025-12-21,1785.56
2025-12-22,1588.26
2025-12-23,1628.96
2025-12-24,1842.61
2025-12-25,1789.89
2025-12-26,1758.93
2025-12-27,1783.7
2025-12-28,1821.15
2025-12-29,1736.95
2025-12-30,1717.63
2025-12-31,1819.58
